id;title;content
1;Singapore Extremadura;../fake-data/blob/hipster.txt
2;Metal action-items;../fake-data/blob/hipster.txt
3;Gorro;../fake-data/blob/hipster.txt
4;gráfico Juguetería Loan;../fake-data/blob/hipster.txt
5;Verde mission-critical Extremadura;../fake-data/blob/hipster.txt
6;revolutionize Mercados;../fake-data/blob/hipster.txt
7;Cuba;../fake-data/blob/hipster.txt
8;Diseñador Guapo;../fake-data/blob/hipster.txt
9;compress;../fake-data/blob/hipster.txt
10;explícita;../fake-data/blob/hipster.txt
